{
    "SVM": [
        [
            6,
            0.48875
        ],
        [
            12,
            0.4925
        ],
        [
            18,
            0.48624999999999996
        ],
        [
            24,
            0.48624999999999996
        ],
        [
            30,
            0.48
        ],
        [
            36,
            0.48500000000000004
        ],
        [
            42,
            0.48500000000000004
        ],
        [
            48,
            0.4912500000000001
        ],
        [
            54,
            0.4912500000000001
        ],
        [
            60,
            0.4912500000000001
        ],
        [
            66,
            0.4912500000000001
        ],
        [
            72,
            0.4912500000000001
        ],
        [
            78,
            0.4912500000000001
        ],
        [
            84,
            0.4912500000000001
        ],
        [
            90,
            0.4912500000000001
        ],
        [
            96,
            0.4912500000000001
        ],
        [
            102,
            0.4912500000000001
        ],
        [
            108,
            0.4912500000000001
        ],
        [
            114,
            0.4912500000000001
        ],
        [
            120,
            0.4912500000000001
        ],
        [
            126,
            0.4912500000000001
        ],
        [
            132,
            0.4912500000000001
        ],
        [
            138,
            0.4912500000000001
        ],
        [
            144,
            0.4912500000000001
        ],
        [
            150,
            0.4912500000000001
        ]
    ],
    "k-NN": [
        [
            6,
            0.375
        ],
        [
            12,
            0.3625
        ],
        [
            18,
            0.3775
        ],
        [
            24,
            0.38875000000000004
        ],
        [
            30,
            0.3825
        ],
        [
            36,
            0.3875
        ],
        [
            42,
            0.375
        ],
        [
            48,
            0.37625000000000003
        ],
        [
            54,
            0.36875
        ],
        [
            60,
            0.375
        ],
        [
            66,
            0.36375
        ],
        [
            72,
            0.36875
        ],
        [
            78,
            0.36875
        ],
        [
            84,
            0.36875
        ],
        [
            90,
            0.36875
        ],
        [
            96,
            0.36875
        ],
        [
            102,
            0.375
        ],
        [
            108,
            0.36375
        ],
        [
            114,
            0.37
        ],
        [
            120,
            0.37
        ],
        [
            126,
            0.37
        ],
        [
            132,
            0.37
        ],
        [
            138,
            0.37
        ],
        [
            144,
            0.37
        ],
        [
            150,
            0.37125
        ]
    ],
    "Random Forest": [
        [
            6,
            0.8625
        ],
        [
            12,
            0.8574999999999999
        ],
        [
            18,
            0.86625
        ],
        [
            24,
            0.89
        ],
        [
            30,
            0.8699999999999999
        ],
        [
            36,
            0.8775000000000001
        ],
        [
            42,
            0.8825
        ],
        [
            48,
            0.89375
        ],
        [
            54,
            0.8875
        ],
        [
            60,
            0.88375
        ],
        [
            66,
            0.8825
        ],
        [
            72,
            0.8724999999999999
        ],
        [
            78,
            0.8887499999999999
        ],
        [
            84,
            0.8712500000000001
        ],
        [
            90,
            0.87625
        ],
        [
            96,
            0.87625
        ],
        [
            102,
            0.8699999999999999
        ],
        [
            108,
            0.88125
        ],
        [
            114,
            0.87625
        ],
        [
            120,
            0.9
        ],
        [
            126,
            0.8825
        ],
        [
            132,
            0.8875
        ],
        [
            138,
            0.88125
        ],
        [
            144,
            0.85875
        ],
        [
            150,
            0.87625
        ]
    ]
}