{
    "SVM": [
        [
            6,
            0.575
        ],
        [
            12,
            0.5599999999999999
        ],
        [
            18,
            0.5599999999999999
        ],
        [
            24,
            0.55375
        ],
        [
            30,
            0.55375
        ],
        [
            36,
            0.55375
        ],
        [
            42,
            0.55375
        ],
        [
            48,
            0.5599999999999999
        ],
        [
            54,
            0.5599999999999999
        ],
        [
            60,
            0.55375
        ],
        [
            66,
            0.55375
        ],
        [
            72,
            0.55375
        ],
        [
            78,
            0.55375
        ],
        [
            84,
            0.55375
        ],
        [
            90,
            0.55375
        ],
        [
            96,
            0.55375
        ],
        [
            102,
            0.55375
        ],
        [
            108,
            0.55375
        ],
        [
            114,
            0.55375
        ],
        [
            120,
            0.55375
        ],
        [
            126,
            0.55375
        ],
        [
            132,
            0.55375
        ],
        [
            138,
            0.55375
        ],
        [
            144,
            0.55375
        ],
        [
            150,
            0.55375
        ]
    ],
    "k-NN": [
        [
            6,
            0.49625
        ],
        [
            12,
            0.4725
        ],
        [
            18,
            0.485
        ],
        [
            24,
            0.495
        ],
        [
            30,
            0.48875
        ],
        [
            36,
            0.47874999999999995
        ],
        [
            42,
            0.46875
        ],
        [
            48,
            0.46875
        ],
        [
            54,
            0.47375
        ],
        [
            60,
            0.47375
        ],
        [
            66,
            0.47874999999999995
        ],
        [
            72,
            0.48375
        ],
        [
            78,
            0.48375
        ],
        [
            84,
            0.47375
        ],
        [
            90,
            0.47375
        ],
        [
            96,
            0.48
        ],
        [
            102,
            0.48
        ],
        [
            108,
            0.48
        ],
        [
            114,
            0.48
        ],
        [
            120,
            0.485
        ],
        [
            126,
            0.485
        ],
        [
            132,
            0.485
        ],
        [
            138,
            0.485
        ],
        [
            144,
            0.49000000000000005
        ],
        [
            150,
            0.49000000000000005
        ]
    ],
    "Random Forest": [
        [
            6,
            0.8699999999999999
        ],
        [
            12,
            0.8800000000000001
        ],
        [
            18,
            0.8787499999999999
        ],
        [
            24,
            0.8800000000000001
        ],
        [
            30,
            0.8862500000000001
        ],
        [
            36,
            0.8800000000000001
        ],
        [
            42,
            0.8800000000000001
        ],
        [
            48,
            0.885
        ],
        [
            54,
            0.8800000000000001
        ],
        [
            60,
            0.8800000000000001
        ],
        [
            66,
            0.885
        ],
        [
            72,
            0.89125
        ],
        [
            78,
            0.8800000000000001
        ],
        [
            84,
            0.8612500000000001
        ],
        [
            90,
            0.89125
        ],
        [
            96,
            0.8775000000000001
        ],
        [
            102,
            0.885
        ],
        [
            108,
            0.8724999999999999
        ],
        [
            114,
            0.8787499999999999
        ],
        [
            120,
            0.8887499999999999
        ],
        [
            126,
            0.885
        ],
        [
            132,
            0.8787499999999999
        ],
        [
            138,
            0.8787499999999999
        ],
        [
            144,
            0.8787499999999999
        ],
        [
            150,
            0.8787499999999999
        ]
    ]
}